<step title="Incoming Request" date="2025-07-15T21:30:32.136" instance="ab9000" url="/api/deployments/latest" method="GET" type="request" pid="821,1,22" Accept="*/*" Host="phish-stats-app.scm.azurewebsites.net" User-Agent="AZURECLI/2.53.1 (HOMEBREW)" Accept-Encoding="gzip, deflate" Authorization="Bas..." x-ms-client-request-id="12fa5a64-61c2-11f0-ac6f-9a27c1767c35" X-ARR-LOG-ID="12fa5a64-61c2-11f0-ac6f-9a27c1767c35" CLIENT-IP="32.221.53.120:62047" X-SITE-DEPLOYMENT-ID="phish-stats-app" WAS-DEFAULT-HOSTNAME="phish-stats-app.scm.azurewebsites.net" X-Forwarded-Proto="https" X-AppService-Proto="https" X-Forwarded-TlsVersion="1.3" X-WAWS-Unencoded-URL="/api/deployments/latest" X-Client-IP="32.221.53.120" X-Client-Port="62047" >
  <step title="Cleanup Xml Logs" date="2025-07-15T21:30:32.148" >
    <step title="Cleanup Infos" date="2025-07-15T21:30:32.167" totalFiles="236" totalCleanup="76" /><!-- duration: 26ms -->
  </step><!-- duration: 46ms -->
  <step title="DeploymentService.GetResult" date="2025-07-15T21:30:32.212" >
    <step title="DeploymentService.GetLatestDeployment" date="2025-07-15T21:30:32.214" >
      <step title="DeploymentManager.GetResults" date="2025-07-15T21:30:32.216" /><!-- duration: 252ms -->
    </step><!-- duration: 261ms -->
  </step><!-- duration: 264ms -->
  <step title="Outgoing response" date="2025-07-15T21:30:32.501" type="response" statusCode="202" statusText="Accepted" /><!-- duration: 3ms -->
</step><!-- duration: 375ms -->
