<step title="Incoming Request" date="2025-07-15T21:24:49.922" instance="ab9000" url="/api/zipdeploy?isAsync=true" method="POST" type="request" pid="821,1,5" Accept="*/*" Host="phish-stats-app.scm.azurewebsites.net" User-Agent="AZURECLI/2.53.1 (HOMEBREW)" Accept-Encoding="gzip, deflate" Authorization="Bas..." Cache-Control="no-cache" Content-Type="application/octet-stream" Content-Length="224770632" x-ms-client-request-id="12fa5a64-61c2-11f0-ac6f-9a27c1767c35" X-ARR-LOG-ID="12fa5a64-61c2-11f0-ac6f-9a27c1767c35" CLIENT-IP="32.221.53.120:61855" X-SITE-DEPLOYMENT-ID="phish-stats-app" WAS-DEFAULT-HOSTNAME="phish-stats-app.scm.azurewebsites.net" X-Forwarded-Proto="https" X-AppService-Proto="https" X-Forwarded-TlsVersion="1.3" X-WAWS-Unencoded-URL="/api/zipdeploy?isAsync=true" X-Client-IP="32.221.53.120" X-Client-Port="61855" >
  <step title="ZipPushDeploy" date="2025-07-15T21:24:50.398" >
    <step title="ZipDeploy. Extract zip. Remote build." date="2025-07-15T21:24:50.408" /><!-- duration: 1ms -->
    <step title="None repository commit" date="2025-07-15T21:24:50.414" >
      <step title="Commit id: 9ff5e7d9-b464-4580-a4ad-1d2af87e2261" date="2025-07-15T21:24:50.416" Message="N/A" AuthorName="N/A" AuthorEmail="N/A" /><!-- duration: 2ms -->
    </step><!-- duration: 5ms -->
    <step title="Starting PushDeployAsync" date="2025-07-15T21:24:50.423" /><!-- duration: 2ms -->
    <step title="Writing artifact to /tmp/zipdeploy/b0b1b12b-69b0-43d5-8ff1-16f88a6860bc.zip" date="2025-07-15T21:24:50.443" >
      <step title="Writing multipart request body to /tmp/zipdeploy/b0b1b12b-69b0-43d5-8ff1-16f88a6860bc.zip" date="2025-07-15T21:24:50.446" /><!-- duration: 2ms -->
    </step><!-- duration: 10572ms -->
    <step title="Start deployment in the background" date="2025-07-15T21:25:01.043" >
      <step title="Acquiring Deployment Lock" date="2025-07-15T21:25:01.137" /><!-- duration: 2ms -->
      <step title="Acquired Deployment Lock" date="2025-07-15T21:25:01.242" /><!-- duration: 2ms -->
    </step><!-- duration: 369ms -->
  </step><!-- duration: 11120ms -->
  <step title="Outgoing response" date="2025-07-15T21:25:01.618" type="response" statusCode="202" statusText="Accepted" /><!-- duration: 2ms -->
</step><!-- duration: 11706ms -->
