<step title="Incoming Request" date="2025-07-15T21:30:08.415" instance="ab9000" url="/api/deployments/latest" method="GET" type="request" pid="821,1,22" Accept="*/*" Host="phish-stats-app.scm.azurewebsites.net" User-Agent="AZURECLI/2.53.1 (HOMEBREW)" Accept-Encoding="gzip, deflate" Authorization="Bas..." x-ms-client-request-id="12fa5a64-61c2-11f0-ac6f-9a27c1767c35" X-ARR-LOG-ID="12fa5a64-61c2-11f0-ac6f-9a27c1767c35" CLIENT-IP="32.221.53.120:62034" X-SITE-DEPLOYMENT-ID="phish-stats-app" WAS-DEFAULT-HOSTNAME="phish-stats-app.scm.azurewebsites.net" X-Forwarded-Proto="https" X-AppService-Proto="https" X-Forwarded-TlsVersion="1.3" X-WAWS-Unencoded-URL="/api/deployments/latest" X-Client-IP="32.221.53.120" X-Client-Port="62034" >
  <step title="Cleanup Xml Logs" date="2025-07-15T21:30:08.418" >
    <step title="Cleanup Infos" date="2025-07-15T21:30:08.552" totalFiles="229" totalCleanup="69" /><!-- duration: 3ms -->
  </step><!-- duration: 156ms -->
  <step title="DeploymentService.GetResult" date="2025-07-15T21:30:08.602" >
    <step title="DeploymentService.GetLatestDeployment" date="2025-07-15T21:30:08.613" >
      <step title="DeploymentManager.GetResults" date="2025-07-15T21:30:08.631" /><!-- duration: 470ms -->
    </step><!-- duration: 490ms -->
  </step><!-- duration: 529ms -->
  <step title="Outgoing response" date="2025-07-15T21:30:09.143" type="response" statusCode="202" statusText="Accepted" /><!-- duration: 49ms -->
</step><!-- duration: 786ms -->
