<step title="Incoming Request" date="2025-07-15T21:39:25.142" instance="ab9000" url="/api/deployments/latest" method="GET" type="request" pid="821,1,25" Accept="*/*" Host="phish-stats-app.scm.azurewebsites.net" User-Agent="AZURECLI/2.53.1 (HOMEBREW)" Accept-Encoding="gzip, deflate" Authorization="Bas..." x-ms-client-request-id="152c7dce-61c4-11f0-9511-9a27c1767c35" X-ARR-LOG-ID="152c7dce-61c4-11f0-9511-9a27c1767c35" CLIENT-IP="32.221.53.120:62333" X-SITE-DEPLOYMENT-ID="phish-stats-app" WAS-DEFAULT-HOSTNAME="phish-stats-app.scm.azurewebsites.net" X-Forwarded-Proto="https" X-AppService-Proto="https" X-Forwarded-TlsVersion="1.3" X-WAWS-Unencoded-URL="/api/deployments/latest" X-Client-IP="32.221.53.120" X-Client-Port="62333" >
  <step title="Cleanup Xml Logs" date="2025-07-15T21:39:25.149" >
    <step title="Cleanup Infos" date="2025-07-15T21:39:25.177" totalFiles="247" totalCleanup="87" /><!-- duration: 1ms -->
  </step><!-- duration: 37ms -->
  <step title="DeploymentService.GetResult" date="2025-07-15T21:39:25.207" >
    <step title="DeploymentService.GetLatestDeployment" date="2025-07-15T21:39:25.208" >
      <step title="DeploymentManager.GetResults" date="2025-07-15T21:39:25.209" /><!-- duration: 208ms -->
    </step><!-- duration: 225ms -->
  </step><!-- duration: 229ms -->
  <step title="Outgoing response" date="2025-07-15T21:39:25.463" type="response" statusCode="202" statusText="Accepted" /><!-- duration: 2ms -->
</step><!-- duration: 330ms -->
