<step title="Incoming Request" date="2025-07-15T21:29:07.216" instance="ab9000" url="/api/deployments/latest" method="GET" type="request" pid="821,1,18" Accept="*/*" Host="phish-stats-app.scm.azurewebsites.net" User-Agent="AZURECLI/2.53.1 (HOMEBREW)" Accept-Encoding="gzip, deflate" Authorization="Bas..." x-ms-client-request-id="12fa5a64-61c2-11f0-ac6f-9a27c1767c35" X-ARR-LOG-ID="12fa5a64-61c2-11f0-ac6f-9a27c1767c35" CLIENT-IP="32.221.53.120:61997" X-SITE-DEPLOYMENT-ID="phish-stats-app" WAS-DEFAULT-HOSTNAME="phish-stats-app.scm.azurewebsites.net" X-Forwarded-Proto="https" X-AppService-Proto="https" X-Forwarded-TlsVersion="1.3" X-WAWS-Unencoded-URL="/api/deployments/latest" X-Client-IP="32.221.53.120" X-Client-Port="61997" >
  <step title="Cleanup Xml Logs" date="2025-07-15T21:29:07.223" >
    <step title="Cleanup Infos" date="2025-07-15T21:29:07.257" totalFiles="211" totalCleanup="51" /><!-- duration: 6ms -->
  </step><!-- duration: 57ms -->
  <step title="DeploymentService.GetResult" date="2025-07-15T21:29:07.302" >
    <step title="DeploymentService.GetLatestDeployment" date="2025-07-15T21:29:07.309" >
      <step title="DeploymentManager.GetResults" date="2025-07-15T21:29:07.315" /><!-- duration: 407ms -->
    </step><!-- duration: 428ms -->
  </step><!-- duration: 438ms -->
  <step title="Outgoing response" date="2025-07-15T21:29:07.760" type="response" statusCode="202" statusText="Accepted" /><!-- duration: 7ms -->
</step><!-- duration: 553ms -->
