<step title="Incoming Request" date="2025-07-15T21:39:12.474" instance="ab9000" url="/api/deployments/latest" method="GET" type="request" pid="821,1,15" Accept="*/*" Host="phish-stats-app.scm.azurewebsites.net" User-Agent="AZURECLI/2.53.1 (HOMEBREW)" Accept-Encoding="gzip, deflate" Authorization="Bas..." x-ms-client-request-id="152c7dce-61c4-11f0-9511-9a27c1767c35" X-ARR-LOG-ID="152c7dce-61c4-11f0-9511-9a27c1767c35" CLIENT-IP="32.221.53.120:62325" X-SITE-DEPLOYMENT-ID="phish-stats-app" WAS-DEFAULT-HOSTNAME="phish-stats-app.scm.azurewebsites.net" X-Forwarded-Proto="https" X-AppService-Proto="https" X-Forwarded-TlsVersion="1.3" X-WAWS-Unencoded-URL="/api/deployments/latest" X-Client-IP="32.221.53.120" X-Client-Port="62325" >
  <step title="Cleanup Xml Logs" date="2025-07-15T21:39:12.476" >
    <step title="Cleanup Infos" date="2025-07-15T21:39:12.494" totalFiles="243" totalCleanup="83" /><!-- duration: 2ms -->
  </step><!-- duration: 27ms -->
  <step title="DeploymentService.GetResult" date="2025-07-15T21:39:12.507" >
    <step title="DeploymentService.GetLatestDeployment" date="2025-07-15T21:39:12.513" >
      <step title="DeploymentManager.GetResults" date="2025-07-15T21:39:12.515" /><!-- duration: 249ms -->
    </step><!-- duration: 269ms -->
  </step><!-- duration: 277ms -->
  <step title="Outgoing response" date="2025-07-15T21:39:12.792" type="response" statusCode="202" statusText="Accepted" /><!-- duration: 2ms -->
</step><!-- duration: 321ms -->
