<step title="Incoming Request" date="2025-07-15T21:30:15.403" instance="ab9000" url="/api/deployments/latest" method="GET" type="request" pid="821,1,22" Accept="*/*" Host="phish-stats-app.scm.azurewebsites.net" User-Agent="AZURECLI/2.53.1 (HOMEBREW)" Accept-Encoding="gzip, deflate" Authorization="Bas..." x-ms-client-request-id="12fa5a64-61c2-11f0-ac6f-9a27c1767c35" X-ARR-LOG-ID="12fa5a64-61c2-11f0-ac6f-9a27c1767c35" CLIENT-IP="32.221.53.120:62038" X-SITE-DEPLOYMENT-ID="phish-stats-app" WAS-DEFAULT-HOSTNAME="phish-stats-app.scm.azurewebsites.net" X-Forwarded-Proto="https" X-AppService-Proto="https" X-Forwarded-TlsVersion="1.3" X-WAWS-Unencoded-URL="/api/deployments/latest" X-Client-IP="32.221.53.120" X-Client-Port="62038" >
  <step title="Cleanup Xml Logs" date="2025-07-15T21:30:15.413" >
    <step title="Cleanup Infos" date="2025-07-15T21:30:15.433" totalFiles="231" totalCleanup="71" /><!-- duration: 8ms -->
  </step><!-- duration: 39ms -->
  <step title="DeploymentService.GetResult" date="2025-07-15T21:30:15.472" >
    <step title="DeploymentService.GetLatestDeployment" date="2025-07-15T21:30:15.492" >
      <step title="DeploymentManager.GetResults" date="2025-07-15T21:30:15.501" /><!-- duration: 353ms -->
    </step><!-- duration: 395ms -->
  </step><!-- duration: 459ms -->
  <step title="Outgoing response" date="2025-07-15T21:30:15.968" type="response" statusCode="202" statusText="Accepted" /><!-- duration: 5ms -->
</step><!-- duration: 574ms -->
