<step title="Incoming Request" date="2025-07-15T21:07:59.258" instance="ab9000" url="/api/zipdeploy?isAsync=true" method="POST" type="request" pid="823,1,5" Accept="*/*" Host="phish-stats-app.scm.azurewebsites.net" User-Agent="AZURECLI/2.53.1 (HOMEBREW)" Accept-Encoding="gzip, deflate" Authorization="Bas..." Cache-Control="no-cache" Content-Type="application/octet-stream" Content-Length="224766965" x-ms-client-request-id="50958838-61bf-11f0-a12f-9a27c1767c35" X-ARR-LOG-ID="50958838-61bf-11f0-a12f-9a27c1767c35" CLIENT-IP="32.221.53.120:61340" X-SITE-DEPLOYMENT-ID="phish-stats-app" WAS-DEFAULT-HOSTNAME="phish-stats-app.scm.azurewebsites.net" X-Forwarded-Proto="https" X-AppService-Proto="https" X-Forwarded-TlsVersion="1.3" X-WAWS-Unencoded-URL="/api/zipdeploy?isAsync=true" X-Client-IP="32.221.53.120" X-Client-Port="61340" >
  <step title="ZipPushDeploy" date="2025-07-15T21:08:01.586" >
    <step title="ZipDeploy. Extract zip. Remote build." date="2025-07-15T21:08:01.615" /><!-- duration: 9ms -->
    <step title="None repository commit" date="2025-07-15T21:08:01.672" >
      <step title="Commit id: b90a1616-7dd5-44b4-abbf-dd3871ab9635" date="2025-07-15T21:08:01.681" Message="N/A" AuthorName="N/A" AuthorEmail="N/A" /><!-- duration: 12ms -->
    </step><!-- duration: 28ms -->
    <step title="Starting PushDeployAsync" date="2025-07-15T21:08:01.713" /><!-- duration: 45ms -->
    <step title="Writing artifact to /tmp/zipdeploy/fc08ba44-4faa-40b5-8245-1d77045299c4.zip" date="2025-07-15T21:08:01.842" >
      <step title="Writing multipart request body to /tmp/zipdeploy/fc08ba44-4faa-40b5-8245-1d77045299c4.zip" date="2025-07-15T21:08:01.853" /><!-- duration: 212ms -->
    </step><!-- duration: 13940ms -->
    <step title="Start deployment in the background" date="2025-07-15T21:08:15.834" >
      <step title="Acquiring Deployment Lock" date="2025-07-15T21:08:15.945" /><!-- duration: 2ms -->
      <step title="Acquired Deployment Lock" date="2025-07-15T21:08:16.015" /><!-- duration: 9ms -->
    </step><!-- duration: 297ms -->
  </step><!-- duration: 14556ms -->
  <step title="Outgoing response" date="2025-07-15T21:08:16.186" type="response" statusCode="202" statusText="Accepted" /><!-- duration: 7ms -->
</step><!-- duration: 16940ms -->
