<step title="Incoming Request" date="2025-07-15T21:39:19.940" instance="ab9000" url="/api/deployments/latest" method="GET" type="request" pid="821,1,18" Accept="*/*" Host="phish-stats-app.scm.azurewebsites.net" User-Agent="AZURECLI/2.53.1 (HOMEBREW)" Accept-Encoding="gzip, deflate" Authorization="Bas..." x-ms-client-request-id="152c7dce-61c4-11f0-9511-9a27c1767c35" X-ARR-LOG-ID="152c7dce-61c4-11f0-9511-9a27c1767c35" CLIENT-IP="32.221.53.120:62331" X-SITE-DEPLOYMENT-ID="phish-stats-app" WAS-DEFAULT-HOSTNAME="phish-stats-app.scm.azurewebsites.net" X-Forwarded-Proto="https" X-AppService-Proto="https" X-Forwarded-TlsVersion="1.3" X-WAWS-Unencoded-URL="/api/deployments/latest" X-Client-IP="32.221.53.120" X-Client-Port="62331" >
  <step title="Cleanup Xml Logs" date="2025-07-15T21:39:19.950" >
    <step title="Cleanup Infos" date="2025-07-15T21:39:19.978" totalFiles="245" totalCleanup="85" /><!-- duration: 2ms -->
  </step><!-- duration: 37ms -->
  <step title="DeploymentService.GetResult" date="2025-07-15T21:39:20.009" >
    <step title="DeploymentService.GetLatestDeployment" date="2025-07-15T21:39:20.010" >
      <step title="DeploymentManager.GetResults" date="2025-07-15T21:39:20.017" /><!-- duration: 224ms -->
    </step><!-- duration: 240ms -->
  </step><!-- duration: 243ms -->
  <step title="Outgoing response" date="2025-07-15T21:39:20.260" type="response" statusCode="202" statusText="Accepted" /><!-- duration: 2ms -->
</step><!-- duration: 329ms -->
