<step title="Incoming Request" date="2025-07-15T21:39:16.777" instance="ab9000" url="/api/deployments/latest" method="GET" type="request" pid="821,1,18" Accept="*/*" Host="phish-stats-app.scm.azurewebsites.net" User-Agent="AZURECLI/2.53.1 (HOMEBREW)" Accept-Encoding="gzip, deflate" Authorization="Bas..." x-ms-client-request-id="152c7dce-61c4-11f0-9511-9a27c1767c35" X-ARR-LOG-ID="152c7dce-61c4-11f0-9511-9a27c1767c35" CLIENT-IP="32.221.53.120:62329" X-SITE-DEPLOYMENT-ID="phish-stats-app" WAS-DEFAULT-HOSTNAME="phish-stats-app.scm.azurewebsites.net" X-Forwarded-Proto="https" X-AppService-Proto="https" X-Forwarded-TlsVersion="1.3" X-WAWS-Unencoded-URL="/api/deployments/latest" X-Client-IP="32.221.53.120" X-Client-Port="62329" >
  <step title="Cleanup Xml Logs" date="2025-07-15T21:39:16.823" >
    <step title="Cleanup Infos" date="2025-07-15T21:39:16.836" totalFiles="244" totalCleanup="84" /><!-- duration: 7ms -->
  </step><!-- duration: 21ms -->
  <step title="DeploymentService.GetResult" date="2025-07-15T21:39:16.864" >
    <step title="DeploymentService.GetLatestDeployment" date="2025-07-15T21:39:16.871" >
      <step title="DeploymentManager.GetResults" date="2025-07-15T21:39:16.873" /><!-- duration: 194ms -->
    </step><!-- duration: 213ms -->
  </step><!-- duration: 223ms -->
  <step title="Outgoing response" date="2025-07-15T21:39:17.095" type="response" statusCode="202" statusText="Accepted" /><!-- duration: 11ms -->
</step><!-- duration: 336ms -->
