<step title="Incoming Request" date="2025-07-15T21:38:46.765" instance="ab9000" url="/api/zipdeploy?isAsync=true" method="POST" type="request" pid="821,1,7" Accept="*/*" Host="phish-stats-app.scm.azurewebsites.net" User-Agent="AZURECLI/2.53.1 (HOMEBREW)" Accept-Encoding="gzip, deflate" Authorization="Bas..." Cache-Control="no-cache" Content-Type="application/octet-stream" Content-Length="225329068" x-ms-client-request-id="152c7dce-61c4-11f0-9511-9a27c1767c35" X-ARR-LOG-ID="152c7dce-61c4-11f0-9511-9a27c1767c35" CLIENT-IP="32.221.53.120:62318" X-SITE-DEPLOYMENT-ID="phish-stats-app" WAS-DEFAULT-HOSTNAME="phish-stats-app.scm.azurewebsites.net" X-Forwarded-Proto="https" X-AppService-Proto="https" X-Forwarded-TlsVersion="1.3" X-WAWS-Unencoded-URL="/api/zipdeploy?isAsync=true" X-Client-IP="32.221.53.120" X-Client-Port="62318" >
  <step title="Cleanup Xml Logs" date="2025-07-15T21:38:46.768" >
    <step title="Cleanup Infos" date="2025-07-15T21:38:46.782" totalFiles="239" totalCleanup="79" /><!-- duration: 9ms -->
  </step><!-- duration: 26ms -->
  <step title="ZipPushDeploy" date="2025-07-15T21:38:46.853" >
    <step title="ZipDeploy. Extract zip. Remote build." date="2025-07-15T21:38:46.857" /><!-- duration: 1ms -->
    <step title="Starting PushDeployAsync" date="2025-07-15T21:38:46.863" /><!-- duration: 2ms -->
    <step title="Writing artifact to /tmp/zipdeploy/28445c93-ff90-4c7e-b6c9-5fd86120cfd6.zip" date="2025-07-15T21:38:46.879" >
      <step title="Writing multipart request body to /tmp/zipdeploy/28445c93-ff90-4c7e-b6c9-5fd86120cfd6.zip" date="2025-07-15T21:38:46.895" /><!-- duration: 5ms -->
    </step><!-- duration: 16794ms -->
    <step title="Start deployment in the background" date="2025-07-15T21:39:03.685" >
      <step title="Acquiring Deployment Lock" date="2025-07-15T21:39:03.722" /><!-- duration: 1ms -->
      <step title="Acquired Deployment Lock" date="2025-07-15T21:39:03.761" /><!-- duration: 2ms -->
    </step><!-- duration: 148ms -->
  </step><!-- duration: 16994ms -->
  <step title="Outgoing response" date="2025-07-15T21:39:03.852" type="response" statusCode="202" statusText="Accepted" /><!-- duration: 2ms -->
</step><!-- duration: 17091ms -->
