<step title="Incoming Request" date="2025-07-15T21:29:26.097" instance="ab9000" url="/api/deployments/latest" method="GET" type="request" pid="821,1,17" Accept="*/*" Host="phish-stats-app.scm.azurewebsites.net" User-Agent="AZURECLI/2.53.1 (HOMEBREW)" Accept-Encoding="gzip, deflate" Authorization="Bas..." x-ms-client-request-id="12fa5a64-61c2-11f0-ac6f-9a27c1767c35" X-ARR-LOG-ID="12fa5a64-61c2-11f0-ac6f-9a27c1767c35" CLIENT-IP="32.221.53.120:62006" X-SITE-DEPLOYMENT-ID="phish-stats-app" WAS-DEFAULT-HOSTNAME="phish-stats-app.scm.azurewebsites.net" X-Forwarded-Proto="https" X-AppService-Proto="https" X-Forwarded-TlsVersion="1.3" X-WAWS-Unencoded-URL="/api/deployments/latest" X-Client-IP="32.221.53.120" X-Client-Port="62006" >
  <step title="Cleanup Xml Logs" date="2025-07-15T21:29:26.099" >
    <step title="Cleanup Infos" date="2025-07-15T21:29:26.120" totalFiles="217" totalCleanup="57" /><!-- duration: 8ms -->
  </step><!-- duration: 31ms -->
  <step title="DeploymentService.GetResult" date="2025-07-15T21:29:26.148" >
    <step title="DeploymentService.GetLatestDeployment" date="2025-07-15T21:29:26.155" >
      <step title="DeploymentManager.GetResults" date="2025-07-15T21:29:26.157" /><!-- duration: 406ms -->
    </step><!-- duration: 417ms -->
  </step><!-- duration: 432ms -->
  <step title="Outgoing response" date="2025-07-15T21:29:26.600" type="response" statusCode="202" statusText="Accepted" /><!-- duration: 9ms -->
</step><!-- duration: 514ms -->
