<step title="Incoming Request" date="2025-07-15T21:28:32.114" instance="ab9000" url="/api/deployments/latest" method="GET" type="request" pid="821,1,18" Accept="*/*" Host="phish-stats-app.scm.azurewebsites.net" User-Agent="AZURECLI/2.53.1 (HOMEBREW)" Accept-Encoding="gzip, deflate" Authorization="Bas..." x-ms-client-request-id="12fa5a64-61c2-11f0-ac6f-9a27c1767c35" X-ARR-LOG-ID="12fa5a64-61c2-11f0-ac6f-9a27c1767c35" CLIENT-IP="32.221.53.120:61981" X-SITE-DEPLOYMENT-ID="phish-stats-app" WAS-DEFAULT-HOSTNAME="phish-stats-app.scm.azurewebsites.net" X-Forwarded-Proto="https" X-AppService-Proto="https" X-Forwarded-TlsVersion="1.3" X-WAWS-Unencoded-URL="/api/deployments/latest" X-Client-IP="32.221.53.120" X-Client-Port="61981" >
  <step title="Cleanup Xml Logs" date="2025-07-15T21:28:32.134" >
    <step title="Cleanup Infos" date="2025-07-15T21:28:32.203" totalFiles="201" totalCleanup="41" /><!-- duration: 27ms -->
  </step><!-- duration: 163ms -->
  <step title="DeploymentService.GetResult" date="2025-07-15T21:28:32.344" >
    <step title="DeploymentService.GetLatestDeployment" date="2025-07-15T21:28:32.353" >
      <step title="DeploymentManager.GetResults" date="2025-07-15T21:28:32.364" /><!-- duration: 606ms -->
    </step><!-- duration: 620ms -->
  </step><!-- duration: 668ms -->
  <step title="Outgoing response" date="2025-07-15T21:28:33.039" type="response" statusCode="202" statusText="Accepted" /><!-- duration: 11ms -->
</step><!-- duration: 954ms -->
