<step title="Incoming Request" date="2025-07-15T21:28:39.984" instance="ab9000" url="/api/deployments/latest" method="GET" type="request" pid="821,1,17" Accept="*/*" Host="phish-stats-app.scm.azurewebsites.net" User-Agent="AZURECLI/2.53.1 (HOMEBREW)" Accept-Encoding="gzip, deflate" Authorization="Bas..." x-ms-client-request-id="12fa5a64-61c2-11f0-ac6f-9a27c1767c35" X-ARR-LOG-ID="12fa5a64-61c2-11f0-ac6f-9a27c1767c35" CLIENT-IP="32.221.53.120:61985" X-SITE-DEPLOYMENT-ID="phish-stats-app" WAS-DEFAULT-HOSTNAME="phish-stats-app.scm.azurewebsites.net" X-Forwarded-Proto="https" X-AppService-Proto="https" X-Forwarded-TlsVersion="1.3" X-WAWS-Unencoded-URL="/api/deployments/latest" X-Client-IP="32.221.53.120" X-Client-Port="61985" >
  <step title="Cleanup Xml Logs" date="2025-07-15T21:28:40.010" >
    <step title="Cleanup Infos" date="2025-07-15T21:28:40.039" totalFiles="203" totalCleanup="43" /><!-- duration: 46ms -->
  </step><!-- duration: 76ms -->
  <step title="DeploymentService.GetResult" date="2025-07-15T21:28:40.115" >
    <step title="DeploymentService.GetLatestDeployment" date="2025-07-15T21:28:40.123" >
      <step title="DeploymentManager.GetResults" date="2025-07-15T21:28:40.256" /><!-- duration: 880ms -->
    </step><!-- duration: 1023ms -->
  </step><!-- duration: 1033ms -->
  <step title="Outgoing response" date="2025-07-15T21:28:41.391" type="response" statusCode="202" statusText="Accepted" /><!-- duration: 2ms -->
</step><!-- duration: 1418ms -->
