﻿<?xml version="1.0" encoding="utf-8"?>
<deployment>
  <id>4d366163-9265-4fd6-91ed-5631a704781d</id>
  <author>N/A</author>
  <deployer>Push-Deployer</deployer>
  <authorEmail>N/A</authorEmail>
  <message>Created via a push deployment</message>
  <progress></progress>
  <status>Failed</status>
  <statusText></statusText>
  <lastSuccessEndTime />
  <receivedTime>2025-07-15T21:40:00.546471Z</receivedTime>
  <startTime>2025-07-15T21:40:02.0159788Z</startTime>
  <endTime>2025-07-15T21:43:27.7160315Z</endTime>
  <complete>True</complete>
  <is_temp>False</is_temp>
  <is_readonly>True</is_readonly>
  <buildSummary />
</deployment>